id;pagetitle;alias;delete_link;descript;tv.fbapp;hard;image;privacy_link;unsubscribe_link
294;Trakt;trakt;http://trakt.tv/settings/data;;;easy;images/empty.jpg;;
295;Transifex;transifex;http://support.transifex.com/customer/portal/articles/1052765-how-can-i-delete-my-account-;;;impossible;images/empty.jpg;;
296;Topface;topface;http://topface.com/delete-profile/;;;easy;images/empty.jpg;;
297;Torrent 411;torrent-411;https://www.t411.me/contactstaff/;;;hard;images/empty.jpg;;
298;Trello;trello;https://trello.com/your/account;;;easy;images/empty.jpg;;
299;TripIt;tripit;https://www.tripit.com/account/delete;;;easy;images/empty.jpg;;
300;Tumblr;tumblr;http://www.tumblr.com/account/delete;;;easy;images/empty.jpg;;
301;Tweetdeck;tweetdeck;https://www.tweetdeck.com/api/account-delete/;;;easy;images/empty.jpg;;
302;Twitch;twitch;http://www.twitch.tv/user/close_account;;;easy;images/empty.jpg;;
303;Ubuntu One;ubuntu-one;https://one.ubuntu.com/help/faq/how-can-i-delete-my-account/;;;hard;images/empty.jpg;;
304;Udacity;udacity;http://forums.udacity.com/answer_link/100044663/;;;impossible;images/empty.jpg;;
305;Udemy;udemy;https://www.udemy.com/user/edit-danger-zone/;;;medium;images/empty.jpg;;
306;Unroll.me;unroll-me;https://unroll.me/user/settings;;;easy;images/empty.jpg;;
307;UPS;ups;https://www.ups.com/myups/deletereg;;;easy;images/empty.jpg;;
308;Ustream;ustream;http://www.ustream.tv/account/preferences;;;easy;images/empty.jpg;;
309;Valleywag (Gawker Media);valleywag-gawker-media;http://legal.kinja.com/kinja-terms-of-use-90161644;;;impossible;images/empty.jpg;;
310;Vimeo;vimeo;https://vimeo.com/settings/goodbye/forever;;;easy;images/empty.jpg;;
311;WAYN;wayn;http://www.wayn.com/wayn.html?wci=unregister;;;easy;images/empty.jpg;;
312;Zootool;zootool;http://zootool.com/delete;Инструмент для добавления закладок.;;easy;images/empty.jpg;;
269;Scriptogr.am;scriptogr-am;http://scriptogr.am/dashboard/#settings;;;easy;images/empty.jpg;;
270;Shopify;shopify;http://shopify.com/admin/settings/account;;;easy;images/empty.jpg;;
271;Shutterfly;shutterfly;http://www.shutterfly.com/about/contact_details.jsp;;;hard;images/empty.jpg;;
272;Simple Machines;simple-machines;http://www.simplemachines.org/community/index.php?action=profilearea=deleteaccount;;;hard;images/empty.jpg;;
273;Slashdot;slashdot;http://slashdot.org/faq/accounts.shtml;;;impossible;images/empty.jpg;;
274;Slideshare;slideshare;http://help.slideshare.com/entries/57912-How-do-I-delete-my-SlideShare-account-;;;easy;images/empty.jpg;;
275;SourceForge;sourceforge;https://sourceforge.net/account/remove;;;medium;images/empty.jpg;;
276;Sonico;sonico;http://www.sonico.com/tyc.php;;;hard;images/empty.jpg;;
277;Soundcloud;soundcloud;http://soundcloud.com/settings/account#delete-user;;;easy;images/empty.jpg;;
278;Speaker Deck;speaker-deck;https://speakerdeck.com/tos;;;impossible;images/empty.jpg;;
279;Splitwise;splitwise;https://secure.splitwise.com/account/settings;;;easy;images/empty.jpg;;
280;Spotify;spotify;https://www.spotify.com/se/about-us/contact/contact-spotify-support/?contact;;;hard;images/empty.jpg;;
281;Spring.me;spring-me;https://springme.zendesk.com/hc/en-us/requests/new;;;hard;images/empty.jpg;;
282;Stack Overflow / Stack Exchange Accounts;stack-overflow-stack-exchange-accounts;http://stackoverflow.com/help/deleting-account;;;hard;images/empty.jpg;;
283;Starbucks;starbucks;http://customerservice.starbucks.com/app/contact/ask_starbucks_website/;;;impossible;images/empty.jpg;;
284;StayFriends.de;stayfriends-de;http://www.stayfriends.de/j/ViewController?action=accountSettings&delEnabled=true;;;easy;images/empty.jpg;;
285;Steam;steam;https://support.steampowered.com/newticket.php;;;impossible;images/empty.jpg;;
286;StepMap;stepmap;http://www.stepmap.de/profil.php;;;hard;images/empty.jpg;;
287;Stereomood;stereomood;http://www.stereomood.com/users/account;;;easy;images/empty.jpg;;
288;Storify;storify;http://storify.com/settings#account;;;easy;images/empty.jpg;;
289;Strava;strava;https://www.strava.com/settings/privacy;Strava - это инструмент для записи и анализа беговых и вело-тренировок.;;medium;images/empty.jpg;;
290;StumbleUpon;stumbleupon;https://www.stumbleupon.com/settings/delete-account;;;easy;images/empty.jpg;;
291;TeamViewer;teamviewer;https://login.teamviewer.com/;;;easy;images/empty.jpg;;
292;Technorati;technorati;http://technorati.com;;;impossible;images/empty.jpg;;
293;Ticketmaster;ticketmaster;http://www.ticketmaster.com/h/help.html?tm_link=tm_i_help;;;hard;images/empty.jpg;;
244;Pinterest;pinterest;https://pinterest.com/settings/;;;impossible;images/empty.jpg;;
245;Pixoona;pixoona;http://www.pixoona.com/dashboard#user/delete;;;easy;images/empty.jpg;;
246;Playstation Network;playstation-network;https://support.us.playstation.com/app/contact_options;;;impossible;images/empty.jpg;;
247;Plenty of Fish;plenty-of-fish;http://www.pof.com/deleteaccount.aspx;;;easy;images/empty.jpg;;
248;Pocket;pocket;http://getpocket.com/account_deletion/;;;easy;images/empty.jpg;;
249;Podio;podio;https://podio.com/settings/account;;;easy;images/empty.jpg;;
250;Postcrossing;postcrossing;http://www.postcrossing.com/removal;;;easy;images/empty.jpg;;
251;Prezi;prezi;https://prezi.com/profile/delete_user_account/;;;easy;images/empty.jpg;;
252;Pushover;pushover;https://pushover.net/settings/delete_account;;;easy;images/empty.jpg;;
253;Quora;quora;http://www.quora.com/Quora-product/How-do-I-delete-my-Quora-account;;;hard;images/empty.jpg;;
254;radio.fr;radio-fr;http://www.radio.fr/#%2Fkonto_loeschen.jsf;;;easy;images/empty.jpg;;
255;Rainforest QA;rainforest-qa;https://app.rainforestqa.com/settings;;;easy;images/empty.jpg;;
256;Raptr;raptr;http://raptr.com/account/deactivation;;;easy;images/empty.jpg;;
257;RateYourMusic;rateyourmusic;http://rateyourmusic.com/account/delete;;;impossible;images/empty.jpg;;
258;Rdio;rdio;http://www.rdio.com/settings/advanced/;;;easy;images/empty.jpg;;
259;Readability;readability;https://www.readability.com/account/delete;;;impossible;images/empty.jpg;;
260;Reddit;reddit;https://ssl.reddit.com/prefs/delete/;;;easy;images/empty.jpg;;
261;Redditgifts;redditgifts;http://redditgifts.com/privacy/;;;hard;images/empty.jpg;;
262;Remember The Milk;remember-the-milk;https://www.rememberthemilk.com/login/delete.rtm;;;easy;images/empty.jpg;;
263;Rotten Tomatoes;rotten-tomatoes;http://flixster.desk.com/customer/portal/articles/169347-how-do-i-cancel-my-account-;;;hard;images/empty.jpg;;
264;Rovio;rovio;https://account.rovio.com/;;;easy;images/empty.jpg;;
265;Runescape;runescape;http://services.runescape.com/m=rswiki/en/Account_Help;;;hard;images/empty.jpg;;
266;RunKeeper;runkeeper;http://runkeeper.com/I-Love-RunKeeper;;;medium;images/empty.jpg;;
267;ScanMyServer;scanmyserver;https://scanmyserver.com/?suspend=1;;;easy;images/empty.jpg;;
268;Scribd;scribd;http://www.scribd.com/account_settings/preferences;;;easy;images/empty.jpg;;
220;MyLife.com;mylife-com;http://www.mylife.com/showDeleteAccount.do;;;easy;images/empty.jpg;;
221;MyOpenID;myopenid;https://www.myopenid.com/delete;;;impossible;images/empty.jpg;;
222;MySpace;myspace;https://new.myspace.com/settings/profile;;;easy;images/empty.jpg;;
223;NaNoWriMo;nanowrimo;https://nanowrimo.org/account_settings;;;easy;images/empty.jpg;;
224;Neopets;neopets;http://www.neopets.com/help_search.phtml?help_id=4;;;hard;images/empty.jpg;;
225;Netflix;netflix;https://support.netflix.com/en/node/407;;;impossible;images/empty.jpg;;
226;New Relic;new-relic;;;;hard;images/empty.jpg;;
227;New York Times;new-york-times;https://myaccount.nytimes.com/membercenter/help.html;;;hard;images/empty.jpg;;
228;NewsBlur;newsblur;https://www.newsblur.com/profile/delete_account;;;easy;images/empty.jpg;;
229;Nike+;nike;https://secure-nikeplus.nike.com/plus/settings/;;;easy;images/empty.jpg;;
230;Nitrous.IO;nitrous-io;https://www.nitrous.io/;;;impossible;images/empty.jpg;;
231;NoIP;noip;http://www.noip.com/members/account/delete.php;;;easy;images/empty.jpg;;
232;Odnoklassniki/Одноклассники;odnoklassniki;http://www.odnoklassniki.ru/regulations;Поиск одноклассников, бывших выпускников, сокурсников, сослуживцев, старых и новых друзей.;;easy;images/empty.jpg;;
233;OkCupid;okcupid;https://www.okcupid.com/settings;;;easy;images/empty.jpg;;
234;OnlineTVRecorder.com;onlinetvrecorder-com;http://www.onlinetvrecorder.com/v2/index.php?go=account&do=cancel;;;impossible;images/empty.jpg;;
235;OpenDNS;opendns;http://forums.opendns.com/comments.php?DiscussionID=8326;;;hard;images/empty.jpg;;
236;Orkut;orkut;https://accounts.google.com/DeleteService?service=orkut;;;easy;images/empty.jpg;;
237;Outlook;outlook;https://account.live.com/CloseAccount.aspx;;;easy;images/empty.jpg;;
238;Pandora;pandora;http://help.pandora.com/customer/portal/articles/24624-cancel-account;;;hard;images/empty.jpg;;
239;Patrick-Krempf-Reminder;patrick-krempf-reminder;http://reminder.patrickkempf.de/manage.php?do=delaccount;;;easy;images/empty.jpg;;
240;Paukd;paukd;https://paukd.com;;;easy;images/empty.jpg;;
241;PayPal;paypal;https://www.paypal.com/us/cgi-bin/webscr?cmd=_close-account;;;easy;images/empty.jpg;;
242;Picasa;picasa;http://picasaweb.google.com/;;;impossible;images/empty.jpg;;
243;Pingdom;pingdom;https://my.pingdom.com/account/cancel/confirm;;;easy;images/empty.jpg;;
206;MediaFire;mediafire;https://www.mediafire.com/myaccount/accountbilling.php;;;easy;images/empty.jpg;;
207;Medium;medium;https://medium.com/me/settings;;;easy;images/empty.jpg;;
208;Meetup;meetup;http://www.meetup.com/account/remove/;;;easy;images/empty.jpg;;
209;MePergunte;mepergunte;http://mepergunte.com/perfil/configuracoes/excluir/;;;easy;images/empty.jpg;;
210;Microsoft Account;microsoft-account;https://account.live.com/closeaccount.aspx;;;easy;images/empty.jpg;;
211;Microsoft Office 365;microsoft-office-365;http://office.com/myaccount;;;easy;images/empty.jpg;;
212;Mint;mint;https://mint.com;;;easy;images/empty.jpg;;
213;MixCloud;mixcloud;http://www.mixcloud.com/myaccount/account/;;;easy;images/empty.jpg;;
214;Monster;monster;http://my.monster.com/Account/CancelMembership;;;easy;images/empty.jpg;;
215;Moped;moped;https://secure.moped.com/account/support;;;hard;images/empty.jpg;;
216;Morningstar;morningstar;http://socialize.morningstar.com/feedback/feedbackform.asp;;;hard;images/empty.jpg;;
217;Mozilla Persona;mozilla-persona;https://login.persona.org/;;;easy;images/empty.jpg;;
218;Multiplay.co.uk;multiplay-co-uk;https://multiplay.com/contactus/;;;hard;images/empty.jpg;;
219;My Opera;my-opera;https://my.opera.com/USERNAME/account/delete;;;easy;images/empty.jpg;;
183;jsFiddle;jsfiddle;http://doc.jsfiddle.net/meta/channels.html?highlight=contact;;;hard;images/empty.jpg;;
184;Justin.tv;justin-tv;http://www.justin.tv/user/close_account;;;easy;images/empty.jpg;;
185;Khan Academy;khan-academy;https://www.khanacademy.org/settings;;;easy;images/empty.jpg;;
186;Kik;kik;https://kikinteractive.zendesk.com/entries/23593116-How-do-I-deactivate-my-account-;;;impossible;images/empty.jpg;;
187;Kinja (Gawker Media);kinja-gawker-media;http://legal.kinja.com/kinja-terms-of-use-90161644;;;impossible;images/empty.jpg;;
188;Klout;klout;http://klout.com/#/edit-settings/optout;;;medium;images/empty.jpg;;
189;Kno;kno;http://www.kno.com/help/customerService;;;hard;images/empty.jpg;;
190;Kotaku (Gawker Media);kotaku-gawker-media;http://legal.kinja.com/kinja-terms-of-use-90161644;;;impossible;images/empty.jpg;;
191;Krrb;krrb;http://krrb.com/settings/disable-account;;;easy;images/empty.jpg;;
192;Last.fm;last-fm;http://www.last.fm/settings/account;;;easy;images/empty.jpg;;
193;LastPass;lastpass;https://lastpass.com/delete_account.php;;;easy;images/empty.jpg;;
194;League of Legends;league-of-legends;https://support.leagueoflegends.com/entries/461131-Disabling-Your-Account;;;impossible;images/empty.jpg;;
195;Letterboxd;letterboxd;http://letterboxd.com/user/disableaccount/;;;easy;images/empty.jpg;;
196;LibraryThing;librarything;http://www.librarything.de/editprofile/change;;;easy;images/empty.jpg;;
197;Libre.fm;libre-fm;http://libre.fm/user-edit.php#;;;easy;images/empty.jpg;;
198;Lifehacker (Gawker Media);lifehacker-gawker-media;http://legal.kinja.com/kinja-terms-of-use-90161644;;;impossible;images/empty.jpg;;
199;LinkedIn;linkedin;http://help.linkedin.com/app/answers/detail/a_id/63/kw/delete%20account;;;medium;images/empty.jpg;;
200;LiveJournal;livejournal;http://www.livejournal.com/accountstatus.bml;;;medium;images/empty.jpg;;
201;Lovefilm;lovefilm;https://www.lovefilm.com/account/cancel;;;medium;images/empty.jpg;;
202;Lumi;lumi;https://lumi.do/account/privacy/delete/user;;;easy;images/empty.jpg;;
203;MailChimp;mailchimp;http://kb.mailchimp.com/article/how-do-i-close-my-account;;;medium;images/empty.jpg;;
204;Match;match;http://uk.match.com/myaccount/myunsubscription.php;;;medium;images/empty.jpg;;
205;McAfee;mcafee;http://home.mcafee.com/supportpages/unsub.aspx;;;easy;images/empty.jpg;;
164;Hypejar;hypejar;http://www.hypejar.com/settings/account;;;easy;images/empty.jpg;;
165;IMDb;imdb;https://secure.imdb.com/register-imdb/delete;;;easy;images/empty.jpg;;
166;Imgur;imgur;http://imgur.com/account/settings;;;easy;images/empty.jpg;;
167;InfiBot;infibot;https://infibot.com/;;;hard;images/empty.jpg;;
168;InnoGames;innogames;http://goodbye.innogames.com/;;;easy;images/empty.jpg;;
169;Instacanvas;instacanvas;http://feedback.instacanv.as/knowledgebase/articles/117760-how-do-i-cancel-my-gallery-;;;hard;images/empty.jpg;;
170;Instagram;instagram;https://instagram.com/accounts/remove/request;;;easy;images/empty.jpg;;
171;Instapaper;instapaper;https://www.instapaper.com/user/delete;;;easy;images/empty.jpg;;
172;Instructables;instructables;http://www.instructables.com/;;;hard;images/empty.jpg;;
173;Internetometer;internetometer;http://internetometer.com/;;;impossible;images/empty.jpg;;
174;IO9 (Gawker Media);io9-gawker-media;http://legal.kinja.com/kinja-terms-of-use-90161644;;;impossible;images/empty.jpg;;
175;IRCCloud;irccloud;https://www.irccloud.com/;;;easy;images/empty.jpg;;
176;iTunes / Apple ID;itunes-apple-id;http://www.apple.com/support/itunes/contact/;;;hard;images/empty.jpg;;
177;Jalopnik (Gawker Media);jalopnik-gawker-media;http://legal.kinja.com/kinja-terms-of-use-90161644;;;impossible;images/empty.jpg;;
178;JDate.com;jdate-com;http://www.jdate.com/;;;easy;images/empty.jpg;;
179;Jezebel (Gawker Media);jezebel-gawker-media;http://legal.kinja.com/kinja-terms-of-use-90161644;;;impossible;images/empty.jpg;;
180;JoliCloud / JoliDrive;jolicloud-jolidrive;https://drive.jolicloud.com/#/settings/account;;;easy;images/empty.jpg;;
181;Jottacloud;jottacloud;https://www.jottacloud.com/account/delete;;;easy;images/empty.jpg;;
182;JS Bin;js-bin;https://github.com/remy/jsbin/issues/1010;;;hard;images/empty.jpg;;
147;Gravatar;gravatar;http://gravatar.com;;;impossible;images/empty.jpg;;
148;Grindr;grindr;http://help.grindr.com/entries/21377499-All-Devices-Clear-Your-Grindr-Profile;;;medium;images/empty.jpg;;
149;Grooveshark;grooveshark;http://grooveshark.com/#!/settings/account;;;easy;images/empty.jpg;;
150;Groupon;groupon;https://groupon.com/customer_support;;;hard;images/empty.jpg;;
151;Gumroad;gumroad;https://gumroad.com/;;;hard;images/empty.jpg;;
152;Gumtree;gumtree;https://my.gumtree.com/manage/details/deactivate;;;easy;images/empty.jpg;;
153;Hack This Site;hack-this-site;https://www.hackthissite.org/forums/viewtopic.php?f=9&t=4800&sid=7edb515c2462108e30ddec760c2ddfebv;;;impossible;images/empty.jpg;;
154;Hacker News;hacker-news;http://jacquesmattheij.com/The+Unofficial+HN+FAQ#deleteaccount;;;impossible;images/empty.jpg;;
155;Heroku;heroku;https://dashboard.heroku.com/account;;;easy;images/empty.jpg;;
156;Hi5;hi5;http://www.hi5.com/account_cancel.html;;;easy;images/empty.jpg;;
157;HOL Virtual Hogwarts;hol-virtual-hogwarts;http://hol.org.uk/profile.php?view=quithol;;;impossible;images/empty.jpg;;
158;Hot or Not;hot-or-not;http://hotornot.com;;;easy;images/empty.jpg;;
159;Hotmail;hotmail;https://account.live.com/CloseAccount.aspx;;;easy;images/empty.jpg;;
160;Hulu;hulu;https://secure.hulu.com/users/delete;;;easy;images/empty.jpg;;
161;Iceber.gs;iceber-gs;https://iceber.gs/home;;;easy;images/empty.jpg;;
162;ICQ;icq;http://www.icq.com/delete-account/;;;easy;images/empty.jpg;;
163;IFTTT;ifttt;https://ifttt.com/settings/deactivate;;;easy;images/empty.jpg;;
127;Freelancer;freelancer;http://www.freelancer.com/report/contact.php;;;hard;images/empty.jpg;;
128;Freenode;freenode;https://ezcrypt.it/ML4n#ej6rorotmsxq7jF8ViyGjTVh;;;easy;images/empty.jpg;;
129;FriendFeed;friendfeed;https://friendfeed.com/account/delete;;;easy;images/empty.jpg;;
130;Gamespot;gamespot;https://gamespot.custhelp.com/app/ask;;;hard;images/empty.jpg;;
131;Gauges;gauges;http://get.gaug.es/tos/;;;hard;images/empty.jpg;;
132;Gawker (Gawker Media);gawker-gawker-media;http://legal.kinja.com/kinja-terms-of-use-90161644;;;impossible;images/empty.jpg;;
133;Geni;geni;http://www.geni.com/account_settings;;;medium;images/empty.jpg;;
134;Geocaching;geocaching;http://support.groundspeak.com/index.php?pg=kb.page&id=102;;;medium;images/empty.jpg;;
135;Gizmodo (Gawker Media);gizmodo-gawker-media;http://legal.kinja.com/kinja-terms-of-use-90161644;;;impossible;images/empty.jpg;;
136;GitHub;github;https://github.com/settings/admin;;;easy;images/empty.jpg;;
137;Gitorious;gitorious;https://gitorious.org;;;easy;images/empty.jpg;;
138;Glassboard;glassboard;http://glassboard.com/support/;;;hard;images/empty.jpg;;
139;Glassdoor;glassdoor;http://www.glassdoor.com/about/contact_input.htm?opt=cc;;;hard;images/empty.jpg;;
140;GMX;gmx;http://www.gmx.net/;;;impossible;images/empty.jpg;;
141;Good Noows;good-noows;http://goodnoows.com;;;easy;images/empty.jpg;;
142;Goodreads;goodreads;http://www.goodreads.com/user/destroy;;;easy;images/empty.jpg;;
143;GoPetition;gopetition;http://www.gopetition.com/;;;easy;images/empty.jpg;;
144;GoSquared;gosquared;https://www.gosquared.com/home/account/close;;;easy;images/empty.jpg;;
145;Grailed;grailed;http://www.grailed.com/;;;hard;images/empty.jpg;;
146;Grammarly;grammarly;https://ed.grammarly.com/accounts/me;;;easy;images/empty.jpg;;
105;Dropbox;dropbox;https://www.dropbox.com/account/delete;;;easy;images/empty.jpg;;
106;Dribbble;dribbble;http://dribbble.com/account;;;easy;images/empty.jpg;;
107;Draft;draft;https://draftin.com/draft/users/edit;;;easy;images/empty.jpg;;
108;Droplr;droplr;https://droplr.com/settings;;;easy;images/empty.jpg;;
109;Dropmark;dropmark;http://support.dropmark.com/customer/portal/questions/564826-deleting-my-account;;;hard;images/empty.jpg;;
110;Duolingo;duolingo;http://www.duolingo.com/settings/deactivate;Duolingo — это сервис для обучения иностранным языкам онлайн, с помощью которого вы также помогаете переводить интернет.;;easy;images/empty.jpg;;
111;Dwolla;dwolla;http://help.dwolla.com/customer/portal/articles/269223-how-can-i-delete-my-dwolla-account-;;;hard;images/empty.jpg;;
112;EA Origin;ea-origin;https://help.ea.com/en/contact-us/ask;;;hard;images/empty.jpg;;
113;eBay;ebay;http://cgi1.ebay.com/ws/eBayISAPI.dll?CloseAccount;;;easy;images/empty.jpg;;
114;EdX;edx;https://www.edx.org/student-faq;;;impossible;images/empty.jpg;;
115;eRepublik;erepublik;http://www.erepublik.com/en/contact/none/none;;;hard;images/empty.jpg;;
116;Etsy;etsy;http://www.etsy.com/help/article/53;;;hard;images/empty.jpg;;
117;Eventbrite;eventbrite;https://www.eventbrite.com/account-close;;;easy;images/empty.jpg;;
118;Evernote;evernote;https://www.evernote.com/Deactivate.action;;;impossible;images/empty.jpg;;
119;Feedly;feedly;https://getsatisfaction.com/feedly/topics/how_do_i_delete_my_feedly_account;;;hard;images/empty.jpg;;
120;Finanzblick;finanzblick;https://finanzblick.de/webapp;;;medium;images/empty.jpg;;
121;Fitocracy;fitocracy;https://www.fitocracy.com/account/deletion/;;;easy;images/empty.jpg;;
122;Flickr;flickr;http://www.flickr.com/profile_delete.gne;;;easy;images/empty.jpg;;
123;Flipboard;flipboard;https://flipboard.com/support/;Flipboard объединяет мировые и социальные новости в красивый журнал, предназначенный для ваших телефонов и планшетов.;;easy;images/empty.jpg;;
124;Forka;forka;http://www.fotka.pl/ustawienia/konto_usun;;;medium;images/empty.jpg;;
125;Forrst;forrst;http://forrst.com/settings;;;easy;images/empty.jpg;;
126;Foursquare;foursquare;https://foursquare.com/delete_me;;;easy;images/empty.jpg;;
79;ClickAndBuy;clickandbuy;https://customer.eu.clickandbuy.com/surfer/spring/settings-terminateaccount-flow;;;easy;images/empty.jpg;;
80;Code Red;code-red;https://cne.coderedweb.com;;;impossible;images/empty.jpg;;
81;Code School;code-school;http://help.codeschool.com/kb/codeschool-faqs/account-questions;;;medium;images/empty.jpg;;
82;Codecademy;codecademy;http://help.codecademy.com/customer/portal/articles/416872;;;hard;images/empty.jpg;;
83;Codepen;codepen;http://blog.codepen.io/documentation/faq/how-do-i-delete-my-account/;;;easy;images/empty.jpg;;
84;Coderwall;coderwall;https://coderwall.com/delete_account;;;easy;images/empty.jpg;;
85;Comment ?a marche;comment-ca-marche;http://www.commentcamarche.net/communaute/remove.php3;;;medium;images/empty.jpg;;
86;Craigslist;craigslist;http://www.craigslist.org/about/help/user_accounts;;;hard;images/empty.jpg;;
87;Coursera;coursera;https://www.coursera.org/about/contact;;;hard;images/empty.jpg;;
88;Couchsurfing;couchsurfing;https://www.couchsurfing.org/delete_profile.html?delete=1;;;impossible;images/empty.jpg;;
89;CrashPlan;crashplan;http://support.crashplan.com/;;;hard;images/empty.jpg;;
90;CreditExpert;creditexpert;http://experian.metafaq.com/help/CreditExpertBRS/Cancel_and_duration/CancelBRS;;;hard;images/empty.jpg;;
91;Daily Mile;daily-mile;http://www.dailymile.com/account/settings/edit;;;easy;images/empty.jpg;;
92;Dashlane;dashlane;https://www.dashlane.com/deleteaccount;;;easy;images/empty.jpg;;
93;Deadspin (Gawker Media);deadspin-gawker-media;http://legal.kinja.com/kinja-terms-of-use-90161644;;;impossible;images/empty.jpg;;
94;Delicious;delicious;https://delicious.com/settings/deactivate;;;easy;images/empty.jpg;;
95;Delta Airlines (SkyMiles);delta-airlines-skymiles;http://www.delta.com/content/www/en_US/support/talk-to-us/skymiles.html;;;hard;images/empty.jpg;;
96;Desktoply;desktoply;http://desktop.ly/settings;;;easy;images/empty.jpg;;
97;Desktoppr;desktoppr;https://www.desktoppr.co/settings;;;easy;images/empty.jpg;;
98;DeviantArt;deviantart;https://www.deviantart.com/settings/deactivation;;;easy;images/empty.jpg;;
99;DHL (Paket.de);dhl-paket-de;https://www.paket.de/pkp/appmanager/pkp/desktop?_nfpb=true&_nfxr=false&_pageLabel=pkp_portal_page_footer_cah_faqs;;;impossible;images/empty.jpg;;
100;Diaspora;diaspora;https://diasp.eu/user/edit#close_account_pane;;;easy;images/empty.jpg;;
101;Digg;digg;http://digg.com/contact;;;hard;images/empty.jpg;;
102;diHITT;dihitt;http://www.dihitt.com/user/delete_profile;;;easy;images/empty.jpg;;
103;Discogs;discogs;http://www.discogs.com/users/delete;;;easy;images/empty.jpg;;
104;Disqus;disqus;http://disqus.com/pages/dashboard/#account;;;easy;images/empty.jpg;;
57;Battle.net;battle-net;https://eu.battle.net/support/en/ticket/submit;;;hard;images/empty.jpg;;
58;BBC iD;bbc-id;https://ssl.bbc.co.uk/id/settings/delete;;;easy;images/empty.jpg;;
59;Behance;behance;http://www.behance.net/account/privacy;;;easy;images/empty.jpg;;
60;Bitbucket;bitbucket;https://bitbucket.org/account/;;;easy;images/empty.jpg;;
61;bitly;bitly;http://support.bitly.com/knowledgebase/articles/105373-how-do-i-delete-my-account-;;;impossible;images/empty.jpg;;
62;Blogger;blogger;https://support.google.com/blogger/answer/41932;;;impossible;images/empty.jpg;;
63;Blue Apron;blue-apron;www.blueapron.com/cancel_subscription;;;easy;images/empty.jpg;;
64;BodyBuilding;bodybuilding;http://www.bodybuilding.com/store/help/delete-bodyspace-account.htm;;;impossible;images/empty.jpg;;
65;Booking;booking;https://secure.booking.com/login.en-us.html?tmpl=profile/delete_account;;;easy;images/empty.jpg;;
66;Box;box;https://app.box.com/settings;;;easy;images/empty.jpg;;
67;Boxee;boxee;http://bbx.boxee.tv/user/delete;;;easy;images/empty.jpg;;
68;Buffer;buffer;https://bufferapp.com/app/account/leave;;;easy;images/empty.jpg;;
69;BurstNET;burstnet;http://burst.net/;;;impossible;images/empty.jpg;;
70;C&M News by Rеss.at;cm-news-by-rd0b5ss-at;http://www.ress.at/profil/profil_entfernen.php;;;easy;images/empty.jpg;;
71;Call of Duty (Activision);call-of-duty-activision;http://www.callofduty.com/;;;impossible;images/empty.jpg;;
72;CareerBuilder.com;careerbuilder-com;http://www.careerbuilder.com/User/UserConfirmation.aspx;;;easy;images/empty.jpg;;
73;Change.org;change-org;https://www.change.org/account_settings;;;easy;images/empty.jpg;;
74;Channel 4;channel-4;https://4id.channel4.com/account/remove;;;easy;images/empty.jpg;;
75;Cinemagram;cinemagram;;;;impossible;images/empty.jpg;;
76;CleverReach;cleverreach;www.cleverreach.com;;;hard;images/empty.jpg;;
77;CloudApp;cloudapp;http://my.cl.ly/account/delete;;;easy;images/empty.jpg;;
78;CloudMagic;cloudmagic;https://cloudmagic.com/a/v2/preferences;;;easy;images/empty.jpg;;
41;9GAG;9gag;https://9gag.com/member/delete;;;easy;images/empty.jpg;;
42;Abload;abload;http://abload.de/settings.php;;;easy;images/empty.jpg;;
43;About.me;about-me;https://about.me/account;;;easy;images/empty.jpg;;
44;Adobe;adobe;https://learn.adobe.com/wiki/display/wel/Delete+your+account;;;hard;images/empty.jpg;;
45;Airbnb;airbnb;https://www.airbnb.com/users/settings;;;easy;images/empty.jpg;;
46;Album Reminder;album-reminder;http://www.albumreminder.com/usercenter/deleteaccount/;;;easy;images/empty.jpg;;
47;Amazon;amazon;https://www.amazon.com/gp/help/customer/contact-us/ref=cu_cf_email?ie=UTF8&mode=email#a;;;hard;images/empty.jpg;;
48;Animal Crossing Community;animal-crossing-community;http://www.animalcrossingcommunity.com/help_main.asp?HelpSectionID=5#Topic201;;;impossible;images/empty.jpg;;
49;AOL / Instant Messenger;aol-instant-messenger;http://cancel.aol.com;;;easy;images/empty.jpg;;
50;App.net;app-net;https://account.app.net/settings/delete/;;;easy;images/empty.jpg;;
51;Artsy;artsy;http://artsy.net/user/delete;;;easy;images/empty.jpg;;
52;Ask.fm;ask-fm;http://ask.fm/feedbacks/new;;;hard;images/empty.jpg;;
53;Assembla;assembla;https://www.assembla.com/user/edit/edit_account_settings;;;easy;images/empty.jpg;;
54;Bambuser;bambuser;https://bambuser.com/settings;;;easy;images/empty.jpg;;
55;Bandcamp;bandcamp;https://bandcamp.com/settings?pane=fan;;;easy;images/empty.jpg;;
56;Barnes and Noble;barnes-and-noble;http://www.barnesandnoble.com/customerservice/contactus;;;impossible;images/empty.jpg;;
20;Alibaba;alibaba;http://www.alibaba.com/help/contact-us.html;Alibaba Group — группа компаний, занимающихся интернет-бизнесом. Alibaba Group находится в частной собственности и базируется в Китае, в городе Ханчжоу.;true;hard;images/empty.jpg;;
21;Waze;waze;http://www.waze.com/support/;Waze — бесплатное навигационное приложение для мобильных устройств, позволяющее в режиме реального времени отслеживать ситуацию на дорогах, прокладывать оптимальные маршруты и общаться с другими пользователями. Карты в Waze на 100% создаются самими вейзерами.;;hard;images/empty.jpg;;
22;Weather.com;weather-com;http://registration.weather.com/ursa/profile/unsubscribe;Сервис подробного прогноза погоды;;easy;images/empty.jpg;;
23;WEB.DE;web-de;https://kundencenter.web.de/;Сервис электронной почты;;easy;images/empty.jpg;;
24;WhatsApp;whatsapp;https://whatsapp.zendesk.com/entries/21119703-How-do-I-delete-my-account-;WhatsApp Messenger - это кросс-платформенное приложение для смартфонов, позволяющее обмениваться сообщениями и при этом не платить, как за SMS.;;medium;images/empty.jpg;;
25;whistle.im;whistle-im;https://whistle.im/browser#vcard;Программа whistle.im призвана помочь владельцам Android устройств общаться конфиденциально. Приложение позиционирует как безопасное и защищенное от вмешательства правительства.;;easy;images/empty.jpg;;
26;Wikipedia;wikipedia;https://en.wikipedia.org/wiki/Wikipedia:FAQ#How_do_I_change_my_username.2Fdelete_my_account.3F;Википедия — многоязычный проект по созданию полноценной и точной энциклопедии со свободно распространяемым содержимым.;;impossible;images/empty.jpg;;
27;Xfire;xfire;http://www.xfire.com/faq#1;Xfire — бесплатная программа обмена мгновенными сообщениями, ориентированная на игроков в сетевые игры, а также служит в качестве браузера игровых серверов и имеет ряд других функций.;;impossible;images/empty.jpg;;
28;Wunderlist;wunderlist;https://www.wunderlist.com/#/preferences/account;Wunderlist – бесплатный кроссплатформенный менеджер/планировщик задач;;easy;images/empty.jpg;;
29;WordPress.com;wordpress-com;http://en.support.wordpress.com/deleting-accounts/;WordPress — система управления содержимым сайта с открытым исходным кодом, распространяемая под GNU GPL. Написана на PHP, в качестве базы данных использует MySQL.;;impossible;images/empty.jpg;;
30;Xing;xing;https://www.xing.com/help/help-and-faqs-2/general-stuff-55/xing-memberships-153/general-stuff-803/canceling-free-basic-membership-185;XING — бизнес-ориентированная социальная сеть для поиска и администрации деловых и личных контактов;;easy;images/empty.jpg;;
31;Yahoo!;yahoo;https://edit.yahoo.com/config/delete_user;Yahoo! — американская компания, владеющая второй по популярности в мире поисковой системой и предоставляющая ряд сервисов, объединённых интернет-порталом Yahoo! Directory портал включает в себя популярный сервис электронной почты Yahoo!;;easy;images/empty.jpg;;
32;Xobni;xobni;https://www.xobni.com/account/settings;;;easy;images/empty.jpg;;
33;Yatado;yatado;http://about.yatedo.com/manage-your-digital-id/;Сервис позволяющий получить информацию о человеке, которая доступна в сети;;medium;images/empty.jpg;;
34;YouTube;youtube;https://support.google.com/youtube/answer/55759;YouTube — сервис, предоставляющий услуги видеохостинга. Пользователи могут добавлять, просматривать, комментировать и делиться с друзьями теми или иными видеозаписями.;;impossible;images/empty.jpg;;
35;Yelp;yelp;http://www.yelp.co.uk/contact?topic=support&subtopic=close;Yelp — веб-сайт для поиска на местном рынке услуг, например ресторанов или парикмахерских, с возможностью добавлять и просматривать рейтинги и обзоры этих услуг. Для популярных бизнесов имеются сотни обзоров.;true;easy;images/empty.jpg;;
36;Zattoo;zattoo;https://zattoo.com/account/delete;Онлайн телевидение доступное к просмотру на ПК, смартфоне или планшете;;easy;images/empty.jpg;;
37;Zoho;zoho;https://accounts.zoho.com/u/h#setting/closeaccount;Компания Zoho предлагает организациям малого и среднего бизнеса многочисленные SaaS-приложения для повышения производительности и эффективности совместной работы. Компания представлена на рынке с 1996 года и за это время приобрела десятки тысяч клиентов по всему миру.;true;easy;images/empty.jpg;;
38;Zurker;zurker;https://my.zurker.com/destroy;;;easy;images/empty.jpg;;
39;4shared;4shared;http://www.4shared.com/web/account/settings#overview;;;easy;images/empty.jpg;;
40;500px;500px;https://500px.com/settings;;;easy;images/empty.jpg;;
12;Path;path;https://path.com;Path — это социальная сеть, что-то среднее между twitter, instagram, Вконтакте и foursquare.;;medium;images/empty.jpg;;
13;Twitter;twitter;https://twitter.com/settings/accounts/confirm_deactivation;Твиттер — система, позволяющая пользователям отправлять короткие текстовые заметки (до 140 символов).;;easy;images/empty.jpg;;
15;Facebook;facebook;https://www.facebook.com/help/delete_account?rdrhc;Facebook — в настоящее время самая крупная социальная сеть в мире. Была основана в 2004 году Марком Цукербергом и его соседями по комнате во время обучения в Гарвардском университете — Эдуардо Саверином, Дастином Московицем и Крисом Хьюзом;true;medium;images/empty.jpg;;
16;World of Tanks / wot;world-of-tanks;https://ru.wargaming.net/support/;Многопользовательская онлайн-игра, бронированные машины середины XX века.;;hard;images/empty.jpg;;
17;Google;google;https://www.google.com/accounts/Login;Google Inc. — американская транснациональная публичная корпорация, инвестирующая в интернет-поиск, облачные вычисления и рекламные технологии.;;easy;images/empty.jpg;;
18;Skype;skype;https://support.skype.com/en/faq/FA142/can-i-delete-my-skype-account;Skype — бесплатное проприетарное программное обеспечение с закрытым кодом, обеспечивающее текстовую, голосовую связь и видеосвязь через Интернет между компьютерами (IP-телефония), опционально используя технологии пиринговых сетей, а также платные услуги для звонков на мобильные и стационарные телефоны;true;hard;images/empty.jpg;;
19;VK/ВКонтакте;vkd0b2d0bad0bed0bdd182d0b0d0bad182d0b5;http://vk.com/settings?act=deactivate;ВКонтакте – универсальное средство для общения и поиска друзей и одноклассников, которым ежедневно пользуются десятки миллионов человек.;;easy;images/empty.jpg;;
4;ImageShack;imageshack;http://imageshack.us/prefs/;ImageShack — веб-сайт хостинга изображений.;;easy;logo/imageshack.jpg;;
5;Mojang;mojang;https://account.mojang.com/me/settings;Mojang AB — независимая компания-разработчик видеоигр. Наиболее известна, как разработчик популярной игры Minecraft. Основана в сентябре 2010 года Маркусом Перссоном, Карлом Маннехом и Джейкобом Порсером. Офис компании находится в Стокгольме.;;easy;logo/mojang.jpg;;
6;Pastebin;pastebin;http://pastebin.com/profile;Pastebin или nopaste — веб-приложение, которое позволяет загружать отрывки текста, обычно фрагменты исходного кода, для возможности просмотра окружающими. Такой сервис очень популярен среди пользователей IRC сетей, где вставка больших фрагментов текста на каналы считается плохим тоном. Сервис также часто используется пользователями IM. В интернете существует множество pastebin веб-приложений, большинство из которых предоставляет подсветку синтаксиса различных языков программирования и специальной разметки.;;impossible;logo/pastebin.jpg;;
7;Overstock;overstock;https://help.overstock.com/app/contact_page;Overstock.com, Inc., также известная как O.co — американский онлайн-ритейлер со штаб-квартирой в Cottonwood Heights, Utah русск. близ Солт-Лейк-Сити. Компания была открыта в мае 1999 года её CEO, Патриком Байрном.;;hard;logo/overstock.jpg;;
8;Snapchat;snapchat;http://www.snapchat.com/a/delete_account;Snapchat — сервис, который позволяет посылать друзьям фотографии, которые показываются несколько секунд (но не более 10 сек), а потом удаляются.;;easy;logo/snapchat.jpg;;
9;GoDaddy;godaddy;https://mya.godaddy.com/mya/payment/resources.aspx?sa=;Go Daddy — крупнейший в мире регистратор доменных имён. GoDaddy Group поддерживает около 30 миллионов доменных имён в крупнейших доменных зонах первого уровня, включая COM, ORG, NET, BIZ, INFO.;;impossible;logo/godaddy.jpg;;
10;Vine;vine;https://support.twitter.com/forms/vine;Vine — мобильное приложение, позволяющее создавать короткие (длительностью 6 секунд) видеоролики. Принадлежит компании Twitter.;;hard;logo/vine.jpg;;
11;Netlog;netlog;http://en.netlog.com/go/login;Netlog — социальная сеть, ориентированная на европейскую молодёжь. К июлю 2007 года более 24,9 млн людей зарегистрировалось на Netlog.com, из которых 4,6 млн — на английской версии сайта.;;easy;logo/netlog.jpg;;
14;Yandex / Яндекс;yandex;https://passport.yandex.ru/passport?mode=delete;Яндекс — российская ИТ-компания, владеющая одноимённой системой поиска в Сети и интернет-порталом. Поисковая система «Яндекс» является четвёртой среди поисковых систем мира по количеству обработанных поисковых запросов.;;easy;images/empty.jpg;;
